danceability,energy,key,loudness,mode,speechiness,acousticness,instrumentalness,liveness,valence,tempo,type,id,uri,track_href,analysis_url,duration_ms,time_signature
0.429,0.661,11,-7.227,1,0.0281,0.00239,0.000121,0.234,0.285,173.372,audio_features,3AJwUDP919kvQ9QcozQPxg,spotify:track:3AJwUDP919kvQ9QcozQPxg,https://api.spotify.com/v1/tracks/3AJwUDP919kvQ9QcozQPxg,https://api.spotify.com/v1/audio-analysis/3AJwUDP919kvQ9QcozQPxg,266773,4
0.352,0.911,1,-5.23,1,0.0747,0.00121,0.0,0.0995,0.236,148.033,audio_features,003vvx7Niy0yvhvHt4a68B,spotify:track:003vvx7Niy0yvhvHt4a68B,https://api.spotify.com/v1/tracks/003vvx7Niy0yvhvHt4a68B,https://api.spotify.com/v1/audio-analysis/003vvx7Niy0yvhvHt4a68B,222973,4
0.502,0.941,7,-5.194,1,0.0716,0.000346,0.319,0.553,0.124,119.783,audio_features,0hDQV9X1Da5JrwhK8gu86p,spotify:track:0hDQV9X1Da5JrwhK8gu86p,https://api.spotify.com/v1/tracks/0hDQV9X1Da5JrwhK8gu86p,https://api.spotify.com/v1/audio-analysis/0hDQV9X1Da5JrwhK8gu86p,219987,4
0.691,0.631,2,-6.478,1,0.0368,0.0483,1.13e-05,0.104,0.8,92.004,audio_features,086myS9r57YsLbJpU0TgK9,spotify:track:086myS9r57YsLbJpU0TgK9,https://api.spotify.com/v1/tracks/086myS9r57YsLbJpU0TgK9,https://api.spotify.com/v1/audio-analysis/086myS9r57YsLbJpU0TgK9,161124,4
0.733,0.71,5,-5.849,0,0.0292,0.145,0.115,0.0956,0.965,127.975,audio_features,7w87IxuO7BDcJ3YUqCyMTT,spotify:track:7w87IxuO7BDcJ3YUqCyMTT,https://api.spotify.com/v1/tracks/7w87IxuO7BDcJ3YUqCyMTT,https://api.spotify.com/v1/audio-analysis/7w87IxuO7BDcJ3YUqCyMTT,239600,4
0.64,0.74,4,-4.083,1,0.0284,0.0115,0.00678,0.167,0.785,116.879,audio_features,6K4t31amVTZDgR3sKmwUJJ,spotify:track:6K4t31amVTZDgR3sKmwUJJ,https://api.spotify.com/v1/tracks/6K4t31amVTZDgR3sKmwUJJ,https://api.spotify.com/v1/audio-analysis/6K4t31amVTZDgR3sKmwUJJ,216320,4
0.542,0.905,9,-5.653,1,0.054,0.00172,0.0104,0.136,0.374,153.398,audio_features,5A1FmxbYVRZKy4nc16MAue,spotify:track:5A1FmxbYVRZKy4nc16MAue,https://api.spotify.com/v1/tracks/5A1FmxbYVRZKy4nc16MAue,https://api.spotify.com/v1/audio-analysis/5A1FmxbYVRZKy4nc16MAue,203347,4
0.417,0.33,9,-13.925,1,0.0275,0.247,0.000689,0.0677,0.175,157.113,audio_features,1LzNfuep1bnAUR9skqdHCK,spotify:track:1LzNfuep1bnAUR9skqdHCK,https://api.spotify.com/v1/tracks/1LzNfuep1bnAUR9skqdHCK,https://api.spotify.com/v1/audio-analysis/1LzNfuep1bnAUR9skqdHCK,295600,3
0.413,0.881,11,-5.541,0,0.0367,5.99e-05,0.000308,0.0805,0.364,158.066,audio_features,5UWwZ5lm5PKu6eKsHAGxOk,spotify:track:5UWwZ5lm5PKu6eKsHAGxOk,https://api.spotify.com/v1/tracks/5UWwZ5lm5PKu6eKsHAGxOk,https://api.spotify.com/v1/audio-analysis/5UWwZ5lm5PKu6eKsHAGxOk,250547,4
0.523,0.769,4,-5.855,1,0.0269,0.04,0.0,0.136,0.876,136.162,audio_features,0WQiDwKJclirSYG9v5tayI,spotify:track:0WQiDwKJclirSYG9v5tayI,https://api.spotify.com/v1/tracks/0WQiDwKJclirSYG9v5tayI,https://api.spotify.com/v1/audio-analysis/0WQiDwKJclirSYG9v5tayI,244587,4
0.277,0.663,4,-8.821,0,0.0377,0.000409,0.00051,0.136,0.527,104.561,audio_features,20I8RduZC2PWMWTDCZuuAN,spotify:track:20I8RduZC2PWMWTDCZuuAN,https://api.spotify.com/v1/tracks/20I8RduZC2PWMWTDCZuuAN,https://api.spotify.com/v1/audio-analysis/20I8RduZC2PWMWTDCZuuAN,237027,4
0.763,0.803,1,-3.713,1,0.0351,0.0709,0.285,0.348,0.561,103.04,audio_features,3FtYbEfBqAlGO46NUDQSAt,spotify:track:3FtYbEfBqAlGO46NUDQSAt,https://api.spotify.com/v1/tracks/3FtYbEfBqAlGO46NUDQSAt,https://api.spotify.com/v1/audio-analysis/3FtYbEfBqAlGO46NUDQSAt,229640,3
0.548,0.532,5,-7.596,1,0.0323,0.186,0.000263,0.217,0.405,85.03,audio_features,5FVd6KXrgO9B3JPmC8OPst,spotify:track:5FVd6KXrgO9B3JPmC8OPst,https://api.spotify.com/v1/tracks/5FVd6KXrgO9B3JPmC8OPst,https://api.spotify.com/v1/audio-analysis/5FVd6KXrgO9B3JPmC8OPst,272394,4
0.65,0.806,4,-6.275,0,0.0283,0.00947,0.00403,0.182,0.715,114.631,audio_features,0AxdJGlXJjEUsNONDuT2pe,spotify:track:0AxdJGlXJjEUsNONDuT2pe,https://api.spotify.com/v1/tracks/0AxdJGlXJjEUsNONDuT2pe,https://api.spotify.com/v1/audio-analysis/0AxdJGlXJjEUsNONDuT2pe,200067,4
0.767,0.787,3,-9.897,1,0.0331,0.0163,0.583,0.0513,0.964,126.879,audio_features,5QLHGv0DfpeXLNFo7SFEy1,spotify:track:5QLHGv0DfpeXLNFo7SFEy1,https://api.spotify.com/v1/tracks/5QLHGv0DfpeXLNFo7SFEy1,https://api.spotify.com/v1/audio-analysis/5QLHGv0DfpeXLNFo7SFEy1,266200,4
0.457,0.757,1,-5.177,1,0.032,0.0206,0.0,0.146,0.417,102.961,audio_features,2ihCaVdNZmnHZWt0fvAM7B,spotify:track:2ihCaVdNZmnHZWt0fvAM7B,https://api.spotify.com/v1/tracks/2ihCaVdNZmnHZWt0fvAM7B,https://api.spotify.com/v1/audio-analysis/2ihCaVdNZmnHZWt0fvAM7B,266600,4
0.611,0.846,11,-5.9,1,0.0436,0.00509,0.0,0.0784,0.751,103.912,audio_features,1FvDJ9KGxcqwv1utyPL3JZ,spotify:track:1FvDJ9KGxcqwv1utyPL3JZ,https://api.spotify.com/v1/tracks/1FvDJ9KGxcqwv1utyPL3JZ,https://api.spotify.com/v1/audio-analysis/1FvDJ9KGxcqwv1utyPL3JZ,162920,4
0.462,0.836,11,-5.766,0,0.0621,0.00517,0.0,0.18,0.671,168.766,audio_features,1QFh8OH1e78dGd3VyJZCAC,spotify:track:1QFh8OH1e78dGd3VyJZCAC,https://api.spotify.com/v1/tracks/1QFh8OH1e78dGd3VyJZCAC,https://api.spotify.com/v1/audio-analysis/1QFh8OH1e78dGd3VyJZCAC,155973,4
0.526,0.866,0,-5.822,1,0.0568,0.00287,7.78e-05,0.0945,0.248,140.266,audio_features,0BxE4FqsDD1Ot4YuBXwAPp,spotify:track:0BxE4FqsDD1Ot4YuBXwAPp,https://api.spotify.com/v1/tracks/0BxE4FqsDD1Ot4YuBXwAPp,https://api.spotify.com/v1/audio-analysis/0BxE4FqsDD1Ot4YuBXwAPp,253587,4
0.495,0.328,4,-14.079,1,0.0274,0.262,0.149,0.107,0.0927,97.241,audio_features,7cs7MLtAWvsdf3w5kBvfK2,spotify:track:7cs7MLtAWvsdf3w5kBvfK2,https://api.spotify.com/v1/tracks/7cs7MLtAWvsdf3w5kBvfK2,https://api.spotify.com/v1/audio-analysis/7cs7MLtAWvsdf3w5kBvfK2,286293,4
0.451,0.931,9,-3.871,1,0.0719,0.00076,0.0049,0.361,0.172,122.961,audio_features,1jJci4qxiYcOHhQR247rEU,spotify:track:1jJci4qxiYcOHhQR247rEU,https://api.spotify.com/v1/tracks/1jJci4qxiYcOHhQR247rEU,https://api.spotify.com/v1/audio-analysis/1jJci4qxiYcOHhQR247rEU,302840,4
0.276,0.715,0,-5.356,1,0.0432,0.00552,0.000417,0.201,0.173,137.028,audio_features,2TYC9SaRhYypUQzB1ZVTG2,spotify:track:2TYC9SaRhYypUQzB1ZVTG2,https://api.spotify.com/v1/tracks/2TYC9SaRhYypUQzB1ZVTG2,https://api.spotify.com/v1/audio-analysis/2TYC9SaRhYypUQzB1ZVTG2,230760,4
0.433,0.959,9,-4.04,1,0.0431,0.000917,0.0,0.028,0.365,172.984,audio_features,7x8dCjCr0x6x2lXKujYD34,spotify:track:7x8dCjCr0x6x2lXKujYD34,https://api.spotify.com/v1/tracks/7x8dCjCr0x6x2lXKujYD34,https://api.spotify.com/v1/audio-analysis/7x8dCjCr0x6x2lXKujYD34,269373,4
0.467,0.988,11,-3.313,1,0.112,0.000152,0.0484,0.28,0.321,130.433,audio_features,70wYA8oYHoMzhRRkARoMhU,spotify:track:70wYA8oYHoMzhRRkARoMhU,https://api.spotify.com/v1/tracks/70wYA8oYHoMzhRRkARoMhU,https://api.spotify.com/v1/audio-analysis/70wYA8oYHoMzhRRkARoMhU,220427,4
0.699,0.812,0,-6.005,1,0.0377,0.0164,0.000763,0.105,0.662,138.185,audio_features,4dyx5SzxPPaD8xQIid5Wjj,spotify:track:4dyx5SzxPPaD8xQIid5Wjj,https://api.spotify.com/v1/tracks/4dyx5SzxPPaD8xQIid5Wjj,https://api.spotify.com/v1/audio-analysis/4dyx5SzxPPaD8xQIid5Wjj,276693,4
0.508,0.786,0,-7.295,0,0.0293,0.226,0.14,0.143,0.611,147.077,audio_features,1ZgMsA55GIY7ICkQh5MILA,spotify:track:1ZgMsA55GIY7ICkQh5MILA,https://api.spotify.com/v1/tracks/1ZgMsA55GIY7ICkQh5MILA,https://api.spotify.com/v1/audio-analysis/1ZgMsA55GIY7ICkQh5MILA,320467,4
0.606,0.957,2,-3.404,1,0.0814,0.00117,0.000295,0.14,0.603,105.105,audio_features,72zZfHPYx43shcP3eKkYi5,spotify:track:72zZfHPYx43shcP3eKkYi5,https://api.spotify.com/v1/tracks/72zZfHPYx43shcP3eKkYi5,https://api.spotify.com/v1/audio-analysis/72zZfHPYx43shcP3eKkYi5,213800,4
0.654,0.828,1,-5.377,0,0.0281,0.00146,0.000144,0.122,0.79,112.056,audio_features,2x8evxqUlF0eRabbW2JBJd,spotify:track:2x8evxqUlF0eRabbW2JBJd,https://api.spotify.com/v1/tracks/2x8evxqUlF0eRabbW2JBJd,https://api.spotify.com/v1/audio-analysis/2x8evxqUlF0eRabbW2JBJd,183893,4
0.51,0.434,1,-10.004,1,0.0361,0.177,0.516,0.0603,0.207,119.695,audio_features,3Ty7OTBNSigGEpeW2PqcsC,spotify:track:3Ty7OTBNSigGEpeW2PqcsC,https://api.spotify.com/v1/tracks/3Ty7OTBNSigGEpeW2PqcsC,https://api.spotify.com/v1/audio-analysis/3Ty7OTBNSigGEpeW2PqcsC,308627,4
0.557,0.8,10,-8.477,1,0.0601,0.00132,0.0012,0.0906,0.582,135.47,audio_features,1sTsuZTdANkiFd7T34H3nb,spotify:track:1sTsuZTdANkiFd7T34H3nb,https://api.spotify.com/v1/tracks/1sTsuZTdANkiFd7T34H3nb,https://api.spotify.com/v1/audio-analysis/1sTsuZTdANkiFd7T34H3nb,245373,4
0.438,0.94,2,-3.249,1,0.0452,8.74e-05,0.0777,0.3,0.421,100.99,audio_features,4iG2gAwKXsOcijVaVXzRPW,spotify:track:4iG2gAwKXsOcijVaVXzRPW,https://api.spotify.com/v1/tracks/4iG2gAwKXsOcijVaVXzRPW,https://api.spotify.com/v1/audio-analysis/4iG2gAwKXsOcijVaVXzRPW,261000,3
0.404,0.72,10,-9.18,0,0.0623,5.59e-05,0.836,0.0466,0.475,121.864,audio_features,6GtX0jaNL8IjVQfrDBx81z,spotify:track:6GtX0jaNL8IjVQfrDBx81z,https://api.spotify.com/v1/tracks/6GtX0jaNL8IjVQfrDBx81z,https://api.spotify.com/v1/audio-analysis/6GtX0jaNL8IjVQfrDBx81z,258467,4
0.366,0.94,1,-5.119,0,0.0696,0.000769,9.42e-05,0.188,0.369,130.198,audio_features,5FZxsHWIvUsmSK1IAvm2pp,spotify:track:5FZxsHWIvUsmSK1IAvm2pp,https://api.spotify.com/v1/tracks/5FZxsHWIvUsmSK1IAvm2pp,https://api.spotify.com/v1/audio-analysis/5FZxsHWIvUsmSK1IAvm2pp,255627,4
0.489,0.758,7,-6.491,1,0.0297,0.000678,0.49,0.092,0.435,112.113,audio_features,7Jh1bpe76CNTCgdgAdBw4Z,spotify:track:7Jh1bpe76CNTCgdgAdBw4Z,https://api.spotify.com/v1/tracks/7Jh1bpe76CNTCgdgAdBw4Z,https://api.spotify.com/v1/audio-analysis/7Jh1bpe76CNTCgdgAdBw4Z,371413,4
0.638,0.535,9,-7.792,0,0.0415,0.623,0.0391,0.0837,0.504,84.947,audio_features,6zfczP87XO2SxWlQtnjFNa,spotify:track:6zfczP87XO2SxWlQtnjFNa,https://api.spotify.com/v1/tracks/6zfczP87XO2SxWlQtnjFNa,https://api.spotify.com/v1/audio-analysis/6zfczP87XO2SxWlQtnjFNa,277653,4
0.492,0.344,5,-15.259,1,0.0259,0.674,0.531,0.0933,0.247,86.485,audio_features,3stWWPN41byqp8loPdy92u,spotify:track:3stWWPN41byqp8loPdy92u,https://api.spotify.com/v1/tracks/3stWWPN41byqp8loPdy92u,https://api.spotify.com/v1/audio-analysis/3stWWPN41byqp8loPdy92u,199414,4
0.513,0.442,4,-13.529,1,0.0343,0.00731,0.000838,0.0878,0.243,81.201,audio_features,0KzAbK6nItSqNh8q70tb0K,spotify:track:0KzAbK6nItSqNh8q70tb0K,https://api.spotify.com/v1/tracks/0KzAbK6nItSqNh8q70tb0K,https://api.spotify.com/v1/audio-analysis/0KzAbK6nItSqNh8q70tb0K,229227,4
0.797,0.872,9,-6.727,0,0.0575,0.291,0.0,0.284,0.866,129.885,audio_features,56KqaFSGTb7ifpt16t5Y1N,spotify:track:56KqaFSGTb7ifpt16t5Y1N,https://api.spotify.com/v1/tracks/56KqaFSGTb7ifpt16t5Y1N,https://api.spotify.com/v1/audio-analysis/56KqaFSGTb7ifpt16t5Y1N,222427,4
0.356,0.872,2,-7.837,1,0.068,0.00417,0.00975,0.0997,0.607,166.3,audio_features,5G1sTBGbZT5o4PNRc75RKI,spotify:track:5G1sTBGbZT5o4PNRc75RKI,https://api.spotify.com/v1/tracks/5G1sTBGbZT5o4PNRc75RKI,https://api.spotify.com/v1/audio-analysis/5G1sTBGbZT5o4PNRc75RKI,193653,4
0.649,0.888,6,-4.807,1,0.0293,0.013,2.23e-06,0.0888,0.553,100.975,audio_features,2lwwrWVKdf3LR9lbbhnr6R,spotify:track:2lwwrWVKdf3LR9lbbhnr6R,https://api.spotify.com/v1/tracks/2lwwrWVKdf3LR9lbbhnr6R,https://api.spotify.com/v1/audio-analysis/2lwwrWVKdf3LR9lbbhnr6R,208467,4
0.401,0.901,1,-5.011,0,0.041,0.0704,0.0,0.538,0.839,134.799,audio_features,2OErSh4oVVAUll0vHxdr6p,spotify:track:2OErSh4oVVAUll0vHxdr6p,https://api.spotify.com/v1/tracks/2OErSh4oVVAUll0vHxdr6p,https://api.spotify.com/v1/audio-analysis/2OErSh4oVVAUll0vHxdr6p,193320,4
0.348,0.875,11,-4.758,0,0.199,0.0341,0.0,0.117,0.407,169.152,audio_features,2zzLRQ78kKfPTx8FJQCdC2,spotify:track:2zzLRQ78kKfPTx8FJQCdC2,https://api.spotify.com/v1/tracks/2zzLRQ78kKfPTx8FJQCdC2,https://api.spotify.com/v1/audio-analysis/2zzLRQ78kKfPTx8FJQCdC2,202133,4
0.615,0.419,11,-8.8,0,0.0395,0.0173,0.497,0.135,0.216,76.997,audio_features,67Hna13dNDkZvBpTXRIaOJ,spotify:track:67Hna13dNDkZvBpTXRIaOJ,https://api.spotify.com/v1/tracks/67Hna13dNDkZvBpTXRIaOJ,https://api.spotify.com/v1/audio-analysis/67Hna13dNDkZvBpTXRIaOJ,330773,4
0.847,0.386,9,-10.668,0,0.0507,0.411,0.00176,0.108,0.178,104.001,audio_features,4HfLQJtVT1KiX1eVedDyTm,spotify:track:4HfLQJtVT1KiX1eVedDyTm,https://api.spotify.com/v1/tracks/4HfLQJtVT1KiX1eVedDyTm,https://api.spotify.com/v1/audio-analysis/4HfLQJtVT1KiX1eVedDyTm,188000,4
0.577,0.937,10,-4.898,0,0.0504,0.00013,0.0138,0.0828,0.889,150.232,audio_features,4juzduULFJiZVIcrC1tkxE,spotify:track:4juzduULFJiZVIcrC1tkxE,https://api.spotify.com/v1/tracks/4juzduULFJiZVIcrC1tkxE,https://api.spotify.com/v1/audio-analysis/4juzduULFJiZVIcrC1tkxE,201360,4
0.562,0.903,8,-4.46,0,0.0296,0.000187,0.0939,0.298,0.791,132.009,audio_features,2WRFD9WczJ975X2K1Y9YVs,spotify:track:2WRFD9WczJ975X2K1Y9YVs,https://api.spotify.com/v1/tracks/2WRFD9WczJ975X2K1Y9YVs,https://api.spotify.com/v1/audio-analysis/2WRFD9WczJ975X2K1Y9YVs,221000,4
0.546,0.836,9,-6.321,1,0.0317,0.107,0.583,0.166,0.735,142.605,audio_features,4CRpOsjhvgxjF7rQufmyZ1,spotify:track:4CRpOsjhvgxjF7rQufmyZ1,https://api.spotify.com/v1/tracks/4CRpOsjhvgxjF7rQufmyZ1,https://api.spotify.com/v1/audio-analysis/4CRpOsjhvgxjF7rQufmyZ1,177987,4
0.511,0.815,7,-3.14,1,0.144,0.0491,0.0,0.0826,0.586,154.514,audio_features,1bCmvezFg5MRcENzCGG1Cy,spotify:track:1bCmvezFg5MRcENzCGG1Cy,https://api.spotify.com/v1/tracks/1bCmvezFg5MRcENzCGG1Cy,https://api.spotify.com/v1/audio-analysis/1bCmvezFg5MRcENzCGG1Cy,215307,4
0.495,0.653,7,-6.769,0,0.0361,0.217,0.000458,0.334,0.571,80.897,audio_features,6SXy02aTZU3ysoGUixYCz0,spotify:track:6SXy02aTZU3ysoGUixYCz0,https://api.spotify.com/v1/tracks/6SXy02aTZU3ysoGUixYCz0,https://api.spotify.com/v1/audio-analysis/6SXy02aTZU3ysoGUixYCz0,272947,4
0.277,0.67,6,-9.381,1,0.0376,6.28e-05,0.751,0.237,0.217,148.342,audio_features,7bu0znpSbTks0O6I98ij0W,spotify:track:7bu0znpSbTks0O6I98ij0W,https://api.spotify.com/v1/tracks/7bu0znpSbTks0O6I98ij0W,https://api.spotify.com/v1/audio-analysis/7bu0znpSbTks0O6I98ij0W,254627,4
0.603,0.864,4,-3.341,0,0.0668,0.055,0.00493,0.0986,0.616,160.488,audio_features,5773KSWFzg9kCc8yazjbSt,spotify:track:5773KSWFzg9kCc8yazjbSt,https://api.spotify.com/v1/tracks/5773KSWFzg9kCc8yazjbSt,https://api.spotify.com/v1/audio-analysis/5773KSWFzg9kCc8yazjbSt,184627,4
0.314,0.797,0,-9.026,1,0.038,0.0057,5.59e-05,0.0718,0.569,145.393,audio_features,2fXKyAyPrEa24c6PJyqznF,spotify:track:2fXKyAyPrEa24c6PJyqznF,https://api.spotify.com/v1/tracks/2fXKyAyPrEa24c6PJyqznF,https://api.spotify.com/v1/audio-analysis/2fXKyAyPrEa24c6PJyqznF,351627,4
0.372,0.43,7,-11.643,0,0.0305,0.859,0.00255,0.169,0.211,189.742,audio_features,6T10XPeC9X5xEaD6tMcK6M,spotify:track:6T10XPeC9X5xEaD6tMcK6M,https://api.spotify.com/v1/tracks/6T10XPeC9X5xEaD6tMcK6M,https://api.spotify.com/v1/audio-analysis/6T10XPeC9X5xEaD6tMcK6M,268307,4
0.394,0.151,3,-16.748,1,0.0359,0.976,0.739,0.0664,0.31,178.051,audio_features,3jQyadhLTxpxadQlkFh2b8,spotify:track:3jQyadhLTxpxadQlkFh2b8,https://api.spotify.com/v1/tracks/3jQyadhLTxpxadQlkFh2b8,https://api.spotify.com/v1/audio-analysis/3jQyadhLTxpxadQlkFh2b8,160240,4
0.483,0.911,11,-4.645,1,0.0486,0.0218,7.85e-06,0.194,0.944,184.882,audio_features,4hYinIaRxdaoEFSQni6K6I,spotify:track:4hYinIaRxdaoEFSQni6K6I,https://api.spotify.com/v1/tracks/4hYinIaRxdaoEFSQni6K6I,https://api.spotify.com/v1/audio-analysis/4hYinIaRxdaoEFSQni6K6I,236200,4
0.525,0.578,9,-4.563,1,0.12,0.0132,0.00916,0.108,0.537,123.696,audio_features,4xlEKYv7HmC8zXoJIbpZKM,spotify:track:4xlEKYv7HmC8zXoJIbpZKM,https://api.spotify.com/v1/tracks/4xlEKYv7HmC8zXoJIbpZKM,https://api.spotify.com/v1/audio-analysis/4xlEKYv7HmC8zXoJIbpZKM,215267,4
0.395,0.979,8,-3.241,1,0.0766,0.0243,0.0,0.12,0.41,158.842,audio_features,75D3n6wnFQmu1HVmLAlWM4,spotify:track:75D3n6wnFQmu1HVmLAlWM4,https://api.spotify.com/v1/tracks/75D3n6wnFQmu1HVmLAlWM4,https://api.spotify.com/v1/audio-analysis/75D3n6wnFQmu1HVmLAlWM4,233187,4
0.628,0.422,10,-8.542,0,0.0411,0.705,0.0,0.124,0.325,129.463,audio_features,6ZygaqgtPkiahkiYJhYWhn,spotify:track:6ZygaqgtPkiahkiYJhYWhn,https://api.spotify.com/v1/tracks/6ZygaqgtPkiahkiYJhYWhn,https://api.spotify.com/v1/audio-analysis/6ZygaqgtPkiahkiYJhYWhn,99227,4
0.481,0.645,10,-8.535,0,0.318,0.0863,6.2e-06,0.332,0.612,151.307,audio_features,4jU7NPkz4HVnM4hweqNhI1,spotify:track:4jU7NPkz4HVnM4hweqNhI1,https://api.spotify.com/v1/tracks/4jU7NPkz4HVnM4hweqNhI1,https://api.spotify.com/v1/audio-analysis/4jU7NPkz4HVnM4hweqNhI1,157560,4
0.463,0.836,2,-2.776,0,0.0381,0.000418,7.38e-06,0.25,0.713,141.955,audio_features,6BqWhxll86CGGE6WxgdRqG,spotify:track:6BqWhxll86CGGE6WxgdRqG,https://api.spotify.com/v1/tracks/6BqWhxll86CGGE6WxgdRqG,https://api.spotify.com/v1/audio-analysis/6BqWhxll86CGGE6WxgdRqG,165120,4
0.537,0.882,0,-2.306,1,0.0403,0.00035,9.06e-05,0.12,0.81,145.73,audio_features,1pHP4JeQV9wDx87D6qH9hD,spotify:track:1pHP4JeQV9wDx87D6qH9hD,https://api.spotify.com/v1/tracks/1pHP4JeQV9wDx87D6qH9hD,https://api.spotify.com/v1/audio-analysis/1pHP4JeQV9wDx87D6qH9hD,179813,4
0.677,0.916,2,-4.102,0,0.0296,0.0086,7.68e-05,0.0967,0.878,104.78,audio_features,4VP8QiCeaZq8BeTIUrMQOG,spotify:track:4VP8QiCeaZq8BeTIUrMQOG,https://api.spotify.com/v1/tracks/4VP8QiCeaZq8BeTIUrMQOG,https://api.spotify.com/v1/audio-analysis/4VP8QiCeaZq8BeTIUrMQOG,223787,4
0.565,0.902,7,-7.579,0,0.0725,0.0132,0.0,0.0561,0.544,133.11,audio_features,2aC8wwfrM0YeTAzzk8hxqC,spotify:track:2aC8wwfrM0YeTAzzk8hxqC,https://api.spotify.com/v1/tracks/2aC8wwfrM0YeTAzzk8hxqC,https://api.spotify.com/v1/audio-analysis/2aC8wwfrM0YeTAzzk8hxqC,273573,4
0.443,0.956,2,-6.198,1,0.0511,5.24e-05,0.825,0.135,0.909,146.754,audio_features,2JO3HwMRPeya8bXbtbyPcf,spotify:track:2JO3HwMRPeya8bXbtbyPcf,https://api.spotify.com/v1/tracks/2JO3HwMRPeya8bXbtbyPcf,https://api.spotify.com/v1/audio-analysis/2JO3HwMRPeya8bXbtbyPcf,206867,4
0.581,0.163,5,-14.686,1,0.0447,0.923,0.0,0.118,0.475,77.748,audio_features,2ndWbjiiNBEOrlfToKlABE,spotify:track:2ndWbjiiNBEOrlfToKlABE,https://api.spotify.com/v1/tracks/2ndWbjiiNBEOrlfToKlABE,https://api.spotify.com/v1/audio-analysis/2ndWbjiiNBEOrlfToKlABE,189400,4
0.743,0.742,2,-10.117,1,0.0367,0.051,0.234,0.0987,0.706,121.604,audio_features,5eSllZgRWCIJsDTAqFRwQw,spotify:track:5eSllZgRWCIJsDTAqFRwQw,https://api.spotify.com/v1/tracks/5eSllZgRWCIJsDTAqFRwQw,https://api.spotify.com/v1/audio-analysis/5eSllZgRWCIJsDTAqFRwQw,358773,4
0.533,0.251,7,-11.283,0,0.0372,0.873,0.104,0.134,0.186,77.503,audio_features,2IqjKEBiz0CdLKdkXhxw84,spotify:track:2IqjKEBiz0CdLKdkXhxw84,https://api.spotify.com/v1/tracks/2IqjKEBiz0CdLKdkXhxw84,https://api.spotify.com/v1/audio-analysis/2IqjKEBiz0CdLKdkXhxw84,223600,4
0.58,0.981,8,-2.603,0,0.06,0.0171,1.07e-05,0.386,0.861,134.007,audio_features,1bx7OUl2UmAnA5oZkm9If7,spotify:track:1bx7OUl2UmAnA5oZkm9If7,https://api.spotify.com/v1/tracks/1bx7OUl2UmAnA5oZkm9If7,https://api.spotify.com/v1/audio-analysis/1bx7OUl2UmAnA5oZkm9If7,195667,4
0.711,0.924,7,-3.398,1,0.0282,0.0156,0.0,0.114,0.912,108.033,audio_features,1qEHgdFqUxFebMPk8s2HLY,spotify:track:1qEHgdFqUxFebMPk8s2HLY,https://api.spotify.com/v1/tracks/1qEHgdFqUxFebMPk8s2HLY,https://api.spotify.com/v1/audio-analysis/1qEHgdFqUxFebMPk8s2HLY,248640,4
0.447,0.568,2,-4.975,1,0.0305,0.295,3.26e-06,0.355,0.149,90.933,audio_features,6bS7DqTuzrpkluB7boWmw2,spotify:track:6bS7DqTuzrpkluB7boWmw2,https://api.spotify.com/v1/tracks/6bS7DqTuzrpkluB7boWmw2,https://api.spotify.com/v1/audio-analysis/6bS7DqTuzrpkluB7boWmw2,249760,4
0.353,0.866,2,-3.274,1,0.0392,3.03e-05,3e-05,0.295,0.544,165.215,audio_features,6Ca3uEAuun3HusTUiIXKs1,spotify:track:6Ca3uEAuun3HusTUiIXKs1,https://api.spotify.com/v1/tracks/6Ca3uEAuun3HusTUiIXKs1,https://api.spotify.com/v1/audio-analysis/6Ca3uEAuun3HusTUiIXKs1,174013,4
0.441,0.684,9,-7.495,0,0.031,0.374,0.000848,0.108,0.971,199.001,audio_features,6ebxt3Iylxe0GcEuUGlIvb,spotify:track:6ebxt3Iylxe0GcEuUGlIvb,https://api.spotify.com/v1/tracks/6ebxt3Iylxe0GcEuUGlIvb,https://api.spotify.com/v1/audio-analysis/6ebxt3Iylxe0GcEuUGlIvb,141000,4
0.361,0.962,1,-2.943,1,0.0661,0.0103,0.00101,0.448,0.927,161.3,audio_features,6Td8HRLhdV39kKdOQpfQum,spotify:track:6Td8HRLhdV39kKdOQpfQum,https://api.spotify.com/v1/tracks/6Td8HRLhdV39kKdOQpfQum,https://api.spotify.com/v1/audio-analysis/6Td8HRLhdV39kKdOQpfQum,174027,4
0.356,0.913,9,-6.015,1,0.0499,0.0339,0.0,0.221,0.537,171.157,audio_features,1WYEDcS7WGjv0rG7rmMX3o,spotify:track:1WYEDcS7WGjv0rG7rmMX3o,https://api.spotify.com/v1/tracks/1WYEDcS7WGjv0rG7rmMX3o,https://api.spotify.com/v1/audio-analysis/1WYEDcS7WGjv0rG7rmMX3o,359547,4
0.526,0.895,5,-5.407,0,0.0543,0.0603,1.3e-06,0.582,0.655,101.016,audio_features,3PbsDnKdrZY0ttX7VE9s5R,spotify:track:3PbsDnKdrZY0ttX7VE9s5R,https://api.spotify.com/v1/tracks/3PbsDnKdrZY0ttX7VE9s5R,https://api.spotify.com/v1/audio-analysis/3PbsDnKdrZY0ttX7VE9s5R,277467,4
0.642,0.931,1,-4.142,1,0.0417,0.0131,0.825,0.215,0.548,152.005,audio_features,7d23MhPFE9eB3U8DPRirnL,spotify:track:7d23MhPFE9eB3U8DPRirnL,https://api.spotify.com/v1/tracks/7d23MhPFE9eB3U8DPRirnL,https://api.spotify.com/v1/audio-analysis/7d23MhPFE9eB3U8DPRirnL,284400,4
0.471,0.953,11,-3.633,0,0.136,0.000166,0.00422,0.405,0.411,170.098,audio_features,5OVHnu9SgsdAravy4UyGq4,spotify:track:5OVHnu9SgsdAravy4UyGq4,https://api.spotify.com/v1/tracks/5OVHnu9SgsdAravy4UyGq4,https://api.spotify.com/v1/audio-analysis/5OVHnu9SgsdAravy4UyGq4,220173,4
0.444,0.71,3,-6.269,1,0.0294,0.0311,0.112,0.171,0.412,141.956,audio_features,2Zw3HNjaNV42LnQ2uY5JQs,spotify:track:2Zw3HNjaNV42LnQ2uY5JQs,https://api.spotify.com/v1/tracks/2Zw3HNjaNV42LnQ2uY5JQs,https://api.spotify.com/v1/audio-analysis/2Zw3HNjaNV42LnQ2uY5JQs,258653,4
0.252,0.886,9,-4.678,0,0.0714,2.93e-05,5.33e-06,0.256,0.498,161.939,audio_features,7GvkOFkNsM6Exnkyqeajqm,spotify:track:7GvkOFkNsM6Exnkyqeajqm,https://api.spotify.com/v1/tracks/7GvkOFkNsM6Exnkyqeajqm,https://api.spotify.com/v1/audio-analysis/7GvkOFkNsM6Exnkyqeajqm,210560,4
0.7,0.738,1,-4.398,1,0.0324,0.0381,0.00527,0.22,0.796,144.035,audio_features,5uTjNzGKCQ50synrf9dWmT,spotify:track:5uTjNzGKCQ50synrf9dWmT,https://api.spotify.com/v1/tracks/5uTjNzGKCQ50synrf9dWmT,https://api.spotify.com/v1/audio-analysis/5uTjNzGKCQ50synrf9dWmT,210267,4
0.755,0.901,9,-3.152,1,0.0893,0.0451,0.0373,0.363,0.959,145.042,audio_features,1gt1fWqUZOUgT2kTArAw4E,spotify:track:1gt1fWqUZOUgT2kTArAw4E,https://api.spotify.com/v1/tracks/1gt1fWqUZOUgT2kTArAw4E,https://api.spotify.com/v1/audio-analysis/1gt1fWqUZOUgT2kTArAw4E,310573,4
0.262,0.82,7,-11.621,1,0.0428,0.0103,0.0914,0.101,0.254,155.197,audio_features,1ZozGivTAYsOwhy6LVHsPX,spotify:track:1ZozGivTAYsOwhy6LVHsPX,https://api.spotify.com/v1/tracks/1ZozGivTAYsOwhy6LVHsPX,https://api.spotify.com/v1/audio-analysis/1ZozGivTAYsOwhy6LVHsPX,246333,4
0.319,0.836,11,-6.706,1,0.113,0.00364,1.84e-05,0.1,0.94,180.56,audio_features,6ALPLbDJ9eWVij9ep3Cgf4,spotify:track:6ALPLbDJ9eWVij9ep3Cgf4,https://api.spotify.com/v1/tracks/6ALPLbDJ9eWVij9ep3Cgf4,https://api.spotify.com/v1/audio-analysis/6ALPLbDJ9eWVij9ep3Cgf4,174507,4
0.923,0.518,5,-6.008,1,0.0492,0.52,0.000142,0.104,0.682,93.023,audio_features,1J2WmkS1Z18AuDWZCgIC5K,spotify:track:1J2WmkS1Z18AuDWZCgIC5K,https://api.spotify.com/v1/tracks/1J2WmkS1Z18AuDWZCgIC5K,https://api.spotify.com/v1/audio-analysis/1J2WmkS1Z18AuDWZCgIC5K,226680,4
0.267,0.81,0,-6.189,1,0.0418,0.00019,0.018,0.084,0.267,127.673,audio_features,2VmyLy2HQlkevZYboXHM5O,spotify:track:2VmyLy2HQlkevZYboXHM5O,https://api.spotify.com/v1/tracks/2VmyLy2HQlkevZYboXHM5O,https://api.spotify.com/v1/audio-analysis/2VmyLy2HQlkevZYboXHM5O,290960,5
0.966,0.543,2,-7.47,0,0.0603,0.406,0.000416,0.0782,0.704,116.019,audio_features,0G7vexduCvboPyIGjJXQIC,spotify:track:0G7vexduCvboPyIGjJXQIC,https://api.spotify.com/v1/tracks/0G7vexduCvboPyIGjJXQIC,https://api.spotify.com/v1/audio-analysis/0G7vexduCvboPyIGjJXQIC,230413,4
0.616,0.682,6,-6.148,0,0.0265,0.0578,0.0241,0.342,0.528,117.78,audio_features,2UWdUez9MB9yzL7Y81Mcip,spotify:track:2UWdUez9MB9yzL7Y81Mcip,https://api.spotify.com/v1/tracks/2UWdUez9MB9yzL7Y81Mcip,https://api.spotify.com/v1/audio-analysis/2UWdUez9MB9yzL7Y81Mcip,315200,4
0.677,0.824,0,-5.752,1,0.0449,0.0268,0.0164,0.363,0.696,122.223,audio_features,2TdDRjNiF1HuRvnclprnce,spotify:track:2TdDRjNiF1HuRvnclprnce,https://api.spotify.com/v1/tracks/2TdDRjNiF1HuRvnclprnce,https://api.spotify.com/v1/audio-analysis/2TdDRjNiF1HuRvnclprnce,187733,4
0.775,0.904,1,-4.08,0,0.0437,0.0271,0.000303,0.06,0.84,130.009,audio_features,4XE98WRGbBGRZ7jQ9wIwFt,spotify:track:4XE98WRGbBGRZ7jQ9wIwFt,https://api.spotify.com/v1/tracks/4XE98WRGbBGRZ7jQ9wIwFt,https://api.spotify.com/v1/audio-analysis/4XE98WRGbBGRZ7jQ9wIwFt,219893,4
0.862,0.797,4,-2.006,1,0.0339,0.0339,4.03e-06,0.0841,0.775,117.993,audio_features,1SvIUtl5QuOTJhKNVikt6m,spotify:track:1SvIUtl5QuOTJhKNVikt6m,https://api.spotify.com/v1/tracks/1SvIUtl5QuOTJhKNVikt6m,https://api.spotify.com/v1/audio-analysis/1SvIUtl5QuOTJhKNVikt6m,206933,4
0.557,0.833,10,-4.559,1,0.0663,0.00226,3.25e-06,0.161,0.815,125.205,audio_features,5PZK7nZBsKjSkXDszKrJ1W,spotify:track:5PZK7nZBsKjSkXDszKrJ1W,https://api.spotify.com/v1/tracks/5PZK7nZBsKjSkXDszKrJ1W,https://api.spotify.com/v1/audio-analysis/5PZK7nZBsKjSkXDszKrJ1W,253307,4
0.491,0.966,5,-3.896,1,0.133,0.0787,0.0,0.281,0.48,147.836,audio_features,0YPDp1KIxVLTdh3vnvk6wd,spotify:track:0YPDp1KIxVLTdh3vnvk6wd,https://api.spotify.com/v1/tracks/0YPDp1KIxVLTdh3vnvk6wd,https://api.spotify.com/v1/audio-analysis/0YPDp1KIxVLTdh3vnvk6wd,133547,4
0.463,0.368,9,-11.546,1,0.048,0.376,0.0,0.149,0.75,141.974,audio_features,3LHg768dEKqJKht2uPTlVR,spotify:track:3LHg768dEKqJKht2uPTlVR,https://api.spotify.com/v1/tracks/3LHg768dEKqJKht2uPTlVR,https://api.spotify.com/v1/audio-analysis/3LHg768dEKqJKht2uPTlVR,179960,4
0.502,0.904,0,-4.01,1,0.0774,0.0886,0.0,0.0839,0.868,84.461,audio_features,6lUk96KJPMHWdhEy6rmwxt,spotify:track:6lUk96KJPMHWdhEy6rmwxt,https://api.spotify.com/v1/tracks/6lUk96KJPMHWdhEy6rmwxt,https://api.spotify.com/v1/audio-analysis/6lUk96KJPMHWdhEy6rmwxt,245173,4
0.457,0.825,8,-7.611,1,0.0268,3.29e-05,0.578,0.0548,0.414,82.539,audio_features,3cahGAUUQ0n55EjLBs2Wjo,spotify:track:3cahGAUUQ0n55EjLBs2Wjo,https://api.spotify.com/v1/tracks/3cahGAUUQ0n55EjLBs2Wjo,https://api.spotify.com/v1/audio-analysis/3cahGAUUQ0n55EjLBs2Wjo,201173,4
0.629,0.971,6,-6.916,0,0.0499,0.0692,0.000885,0.119,0.726,91.531,audio_features,76XCLlTwCYYaqQ9aru4yLB,spotify:track:76XCLlTwCYYaqQ9aru4yLB,https://api.spotify.com/v1/tracks/76XCLlTwCYYaqQ9aru4yLB,https://api.spotify.com/v1/audio-analysis/76XCLlTwCYYaqQ9aru4yLB,177733,4
0.863,0.654,7,-7.273,1,0.106,0.261,0.00532,0.0622,0.819,115.959,audio_features,4bPWDXpN6MlTZBedxega3X,spotify:track:4bPWDXpN6MlTZBedxega3X,https://api.spotify.com/v1/tracks/4bPWDXpN6MlTZBedxega3X,https://api.spotify.com/v1/audio-analysis/4bPWDXpN6MlTZBedxega3X,235813,4
0.282,0.932,9,-4.701,1,0.0387,0.12,0.0335,0.0692,0.536,190.08,audio_features,01wsKcJ8ptqUmatpJlEGYj,spotify:track:01wsKcJ8ptqUmatpJlEGYj,https://api.spotify.com/v1/tracks/01wsKcJ8ptqUmatpJlEGYj,https://api.spotify.com/v1/audio-analysis/01wsKcJ8ptqUmatpJlEGYj,255893,4
0.778,0.63,9,-7.135,0,0.182,0.216,0.0,0.0968,0.705,97.035,audio_features,0xbzRAcL8vy7V3vyqedjj9,spotify:track:0xbzRAcL8vy7V3vyqedjj9,https://api.spotify.com/v1/tracks/0xbzRAcL8vy7V3vyqedjj9,https://api.spotify.com/v1/audio-analysis/0xbzRAcL8vy7V3vyqedjj9,165862,4
0.536,0.705,11,-4.241,0,0.0452,0.000456,5.48e-06,0.0858,0.454,106.301,audio_features,2vx5Dc3Zxtd5yGDlh2pAAz,spotify:track:2vx5Dc3Zxtd5yGDlh2pAAz,https://api.spotify.com/v1/tracks/2vx5Dc3Zxtd5yGDlh2pAAz,https://api.spotify.com/v1/audio-analysis/2vx5Dc3Zxtd5yGDlh2pAAz,238493,4
